<Type Name="ServiceArgs" FullName="DAAP.ServiceArgs">
  <TypeSignature Language="C#" Value="public class ServiceArgs : System.EventArgs" />
  <AssemblyInfo>
    <AssemblyName>daap-sharp</AssemblyName>
    <AssemblyVersion>0.0.0.0</AssemblyVersion>
  </AssemblyInfo>
  <Base>
    <BaseTypeName>System.EventArgs</BaseTypeName>
  </Base>
  <Interfaces />
  <Members>
    <Member MemberName=".ctor">
      <MemberSignature Language="C#" Value="public ServiceArgs (DAAP.Service service);" />
      <MemberType>Constructor</MemberType>
      <Parameters>
        <Parameter Name="service" Type="DAAP.Service" />
      </Parameters>
      <Docs>
        <param name="service">To be added.</param>
        <summary>To be added.</summary>
        <remarks>To be added.</remarks>
      </Docs>
    </Member>
    <Member MemberName="Service">
      <MemberSignature Language="C#" Value="public DAAP.Service Service { get; };" />
      <MemberType>Property</MemberType>
      <ReturnValue>
        <ReturnType>DAAP.Service</ReturnType>
      </ReturnValue>
      <Docs>
        <summary>To be added.</summary>
        <value>To be added.</value>
        <remarks>To be added.</remarks>
      </Docs>
    </Member>
  </Members>
  <Docs>
    <summary>To be added.</summary>
    <remarks>To be added.</remarks>
  </Docs>
</Type>
