<Type Name="AuthenticationException" FullName="DAAP.AuthenticationException">
  <TypeSignature Language="C#" Value="public class AuthenticationException : System.ApplicationException" />
  <AssemblyInfo>
    <AssemblyName>daap-sharp</AssemblyName>
    <AssemblyVersion>0.0.0.0</AssemblyVersion>
  </AssemblyInfo>
  <Base>
    <BaseTypeName>System.ApplicationException</BaseTypeName>
  </Base>
  <Interfaces />
  <Members>
    <Member MemberName=".ctor">
      <MemberSignature Language="C#" Value="public AuthenticationException (string msg);" />
      <MemberType>Constructor</MemberType>
      <Parameters>
        <Parameter Name="msg" Type="System.String" />
      </Parameters>
      <Docs>
        <param name="msg">To be added.</param>
        <summary>To be added.</summary>
        <remarks>To be added.</remarks>
      </Docs>
    </Member>
  </Members>
  <Docs>
    <summary>To be added.</summary>
    <remarks>To be added.</remarks>
  </Docs>
</Type>
