<Type Name="Service" FullName="DAAP.Service">
  <TypeSignature Language="C#" Value="public class Service" />
  <AssemblyInfo>
    <AssemblyName>daap-sharp</AssemblyName>
    <AssemblyVersion>0.0.0.0</AssemblyVersion>
  </AssemblyInfo>
  <Base>
    <BaseTypeName>System.Object</BaseTypeName>
  </Base>
  <Interfaces />
  <Members>
    <Member MemberName=".ctor">
      <MemberSignature Language="C#" Value="public Service (System.Net.IPAddress address, ushort port, string name, bool isprotected);" />
      <MemberType>Constructor</MemberType>
      <Parameters>
        <Parameter Name="address" Type="System.Net.IPAddress" />
        <Parameter Name="port" Type="System.UInt16" />
        <Parameter Name="name" Type="System.String" />
        <Parameter Name="isprotected" Type="System.Boolean" />
      </Parameters>
      <Docs>
        <param name="address">To be added.</param>
        <param name="port">To be added.</param>
        <param name="name">To be added.</param>
        <param name="isprotected">To be added.</param>
        <summary>To be added.</summary>
        <remarks>To be added.</remarks>
      </Docs>
    </Member>
    <Member MemberName="Address">
      <MemberSignature Language="C#" Value="public System.Net.IPAddress Address { get; };" />
      <MemberType>Property</MemberType>
      <ReturnValue>
        <ReturnType>System.Net.IPAddress</ReturnType>
      </ReturnValue>
      <Docs>
        <summary>To be added.</summary>
        <value>To be added.</value>
        <remarks>To be added.</remarks>
      </Docs>
    </Member>
    <Member MemberName="Port">
      <MemberSignature Language="C#" Value="public ushort Port { get; };" />
      <MemberType>Property</MemberType>
      <ReturnValue>
        <ReturnType>System.UInt16</ReturnType>
      </ReturnValue>
      <Docs>
        <summary>To be added.</summary>
        <value>To be added.</value>
        <remarks>To be added.</remarks>
      </Docs>
    </Member>
    <Member MemberName="Name">
      <MemberSignature Language="C#" Value="public string Name { get; };" />
      <MemberType>Property</MemberType>
      <ReturnValue>
        <ReturnType>System.String</ReturnType>
      </ReturnValue>
      <Docs>
        <summary>To be added.</summary>
        <value>To be added.</value>
        <remarks>To be added.</remarks>
      </Docs>
    </Member>
    <Member MemberName="IsProtected">
      <MemberSignature Language="C#" Value="public bool IsProtected { get; };" />
      <MemberType>Property</MemberType>
      <ReturnValue>
        <ReturnType>System.Boolean</ReturnType>
      </ReturnValue>
      <Docs>
        <summary>To be added.</summary>
        <value>To be added.</value>
        <remarks>To be added.</remarks>
      </Docs>
    </Member>
  </Members>
  <Docs>
    <summary>To be added.</summary>
    <remarks>To be added.</remarks>
  </Docs>
</Type>
