<Type Name="ServiceHandler" FullName="DAAP.ServiceHandler">
  <TypeSignature Language="C#" Value="public delegate void ServiceHandler(object o, DAAP.ServiceArgs args);" />
  <AssemblyInfo>
    <AssemblyName>daap-sharp</AssemblyName>
    <AssemblyVersion>0.0.0.0</AssemblyVersion>
  </AssemblyInfo>
  <Base>
    <BaseTypeName>System.Delegate</BaseTypeName>
  </Base>
  <Parameters>
    <Parameter Name="o" Type="System.Object" />
    <Parameter Name="args" Type="DAAP.ServiceArgs" />
  </Parameters>
  <ReturnValue>
    <ReturnType>System.Void</ReturnType>
  </ReturnValue>
  <Docs>
    <param name="o">the object firing the event</param>
    <param name="args">To be added.</param>
    <summary>used with events relating to services</summary>
    <remarks />
  </Docs>
</Type>
